{"Jax": 0.2664119485932616, "Karthus": 0.2674539770753734, "Evelynn": 0.1670718999652665, "Nidalee": 0.09204584925321325, "Kassadin": 0.15769364362625984, "Ezreal": 0.07780479333101796, "Yone": 0.09204584925321325, "Kayn": 0.40639110802360906, "Ivern": 0.01563042723167768, "Leblanc": 0.38068773879818546, "Kaisa": 0.40708579367835024, "MasterYi": 0.25599166377214394, "Ekko": 0.1281695032997574, "Thresh": 0.042028482111844415, "Briar": 0.4185481069815797, "Sivir": 0.013893713094824603, "Zed": 0.2577283779089969, "Rengar": 0.698159083014904, "Khazix": 0.07711010767627673, "JarvanIV": 0.1997221257381045, "Shaco": 0.16012504341785416, "Yasuo": 0.24140326502257853, "Zeri": 0.14275790204932332, "Fiora": 0.16568252865578403, "Nilah": 0.070510593956235, "Rell": 0.1854810698159092, "Talon": 0.07294199374782932, "Ashe": 0.03195554011809652, "Morgana": 0.03577631121917331, "Neeko": 0.02570336922542547, "Poppy": 0.07189996526571747, "Janna": 0.0045154567558179926, "Alistar": 0.03265022577283776, "Draven": 0.10246613407433176, "Udyr": 0.006946856547412299, "Irelia": 0.09586662035429004, "Soraka": 0.06564779437304637, "Belveth": 0.31851337269885, "Katarina": 0.13372698853768727, "Blitzcrank": 0.10455019103855547, "Kennen": 0.09169850642584264, "Akali": 0.08162556443209475, "Renekton": 0.22125738103508275, "Gnar": 0.0045154567558179926, "Taliyah": 0.08232025008683598, "Nautilus": 0.18270232719694426, "Vayne": 0.052101424105592306, "Kindred": 0.0621743660993402, "Twitch": 0.027440083362278538, "Nocturne": 0.010420284821118451, "Tristana": 0.02466134074331363, "Darius": 0.11080236193122657, "Rammus": 0.1340743313650579, "LeeSin": 0.14762070163251195, "Riven": 0.07155262243834686, "Quinn": 0.02570336922542547, "Pyke": 0.10663424800277917, "Lulu": 0.04341785342132688, "Kalista": 0.0027787426189649182, "Lillia": 0.02361931226120179, "Jayce": 0.07328933657519994, "Sylas": 0.0416811392844738, "Akshan": 0.044112539076068116, "Rumble": 0.03230288294546714, "RekSai": 0.028134769017019765, "Anivia": 0.012156998957971527, "Caitlyn": 0.036470996873914543, "Malphite": 0.0784994789857592, "Xayah": 0.10350816255644361, "Sona": 0.010767627648489066, "Vladimir": 0.02882945467176099, "Rakan": 0.08579367836054215, "Xerath": 0.01771448419590136, "Gangplank": 0.04029176797499133, "Senna": 0.01667245571378952, "XinZhao": 0.003126085446335533, "Vi": 0.0076415422021535295, "Orianna": 0.012504341785342142, "Karma": 0.024313997915943016, "Bard": 0.03681833970128516, "Gwen": 0.055574852379298476, "Hecarim": 0.09169850642584264, "KogMaw": 0.003126085446335533, "Aatrox": 0.039597082320250096, "Pantheon": 0.019451198332754428, "Tryndamere": 0.04341785342132688, "Yuumi": 0.02466134074331363, "Zilean": 0.0034734282737061478, "Graves": 0.017367141368530747, "Naafiri": 0.0458492532129212, "Fiddlesticks": 0.028134769017019765, "Zyra": 0.0045154567558179926, "Leona": 0.0045154567558179926, "Singed": 0.004168113928447377, "Malzahar": 0.00833622785689476, "Samira": 0.037513025356026394, "Nunu": 0.0076415422021535295, "Ziggs": 0.003126085446335533, "Zac": 0.011809656130600912, "Illaoi": 0.02084056964223688, "Vex": 0.020493226814866268, "Lissandra": 0.006252170892671069, "Taric": 0.0024313997915943034, "Gragas": 0.009378256339006606, "Swain": 0.0013893713094824591, "Renata": 0.0013893713094824591, "Skarner": 0.0017367141368530739, "Volibear": 0.006946856547412299, "MonkeyKing": 0.004862799583188608, "Ahri": 0.013893713094824603, "Viego": 0.005557485237929838, "Corki": 0.0010420284821118443, "Lux": 0.019451198332754428, "Qiyana": 0.013893713094824603, "Warwick": 0.005557485237929838, "Elise": 0.009378256339006606, "Sett": 0.00972559916637722, "Azir": 0.012504341785342142, "Cassiopeia": 0.005904828065300453, "MissFortune": 0.0013893713094824591, "Fizz": 0.006946856547412299, "Syndra": 0.008683570684265375, "Garen": 0.0013893713094824591, "Jinx": 0.0003473428273706148, "Seraphine": 0.0027787426189649182, "KSante": 0.025356026398054857, "Trundle": 0.0045154567558179926, "Milio": 0.015283084404307064, "Varus": 0.0006946856547412296, "Nasus": 0.004168113928447377, "Diana": 0.0017367141368530739, "Braum": 0.004168113928447377, "Zoe": 0.010420284821118451, "Sejuani": 0.0024313997915943034, "Camille": 0.006946856547412299, "Olaf": 0.00903091351163599, "Ryze": 0.0017367141368530739, "Mordekaiser": 0.003126085446335533, "Aphelios": 0.00833622785689476, "DrMundo": 0.0006946856547412296, "Sion": 0.003126085446335533, "Viktor": 0.0027787426189649182, "Teemo": 0.0010420284821118443, "Lucian": 0.003126085446335533, "Jhin": 0.003126085446335533, "Yorick": 0.0020840569642236887, "Brand": 0.0006946856547412296, "Annie": 0.0006946856547412296, "Ornn": 0.0010420284821118443, "Heimerdinger": 0.0017367141368530739, "Maokai": 0.0020840569642236887, "Kled": 0.0006946856547412296, "AurelionSol": 0.004168113928447377, "Nami": 0.0013893713094824591, "Shyvana": 0.0003473428273706148, "Chogath": 0.0003473428273706148, "Veigar": 0.0003473428273706148, "Amumu": 0.0006946856547412296, "TwistedFate": 0.0006946856547412296, "Shen": 0.0003473428273706148}